checked,firm_name,name,fund_stage,filer_status,total_filings,filing_date,cik,filing_url
,"American Ventures LLC, Series XXXV NAS","American Ventures LLC, Series XXXV NAS",No fund #,first_filer,1,2026-05-29,0002135547,https://www.sec.gov/cgi-bin/browse-edgar?action=getcompany&CIK=0002135547&type=D
,U&I Ventures,"U&I Ventures Fund I, L.P.",Fund I,first_filer,1,2026-05-29,0002091891,https://www.sec.gov/cgi-bin/browse-edgar?action=getcompany&CIK=0002091891&type=D
,JM Equity Venture LLC - Ripple 12,JM Equity Venture LLC - Ripple 12,No fund #,first_filer,1,2026-05-29,0002135702,https://www.sec.gov/cgi-bin/browse-edgar?action=getcompany&CIK=0002135702&type=D
,Verdant Capital Hybrid,Verdant Capital Hybrid Fund I GmbH & Co. KG,Fund I,first_filer,1,2026-05-29,0002132945,https://www.sec.gov/cgi-bin/browse-edgar?action=getcompany&CIK=0002132945&type=D
,Menlo Inflection Atlas Partners,"Menlo Inflection Atlas Partners, L.P.",No fund #,first_filer,1,2026-05-28,0002135027,https://www.sec.gov/cgi-bin/browse-edgar?action=getcompany&CIK=0002135027&type=D
,Snowy Leopard Ventures,"Snowy Leopard Ventures Fund I, LP",Fund I,first_filer,1,2026-05-28,0002135458,https://www.sec.gov/cgi-bin/browse-edgar?action=getcompany&CIK=0002135458&type=D
,JM Equity Ventures - Kraken1,JM Equity Ventures - Kraken1 LLC,No fund #,first_filer,1,2026-05-28,0002135589,https://www.sec.gov/cgi-bin/browse-edgar?action=getcompany&CIK=0002135589&type=D
,MQ Partners,MQ Partners LP,No fund #,first_filer,1,2026-05-28,0002133097,https://www.sec.gov/cgi-bin/browse-edgar?action=getcompany&CIK=0002133097&type=D
,JM Equity Venture LLC - Vast 2,JM Equity Venture LLC - Vast 2 LLC,No fund #,first_filer,1,2026-05-28,0002135591,https://www.sec.gov/cgi-bin/browse-edgar?action=getcompany&CIK=0002135591&type=D
,JM Equity Venture LLC - Ripple PE 6,JM Equity Venture LLC - Ripple PE 6,No fund #,first_filer,1,2026-05-28,0002135583,https://www.sec.gov/cgi-bin/browse-edgar?action=getcompany&CIK=0002135583&type=D
,JM Equity Venture LLC - Ripple PE 4,JM Equity Venture LLC - Ripple PE 4 LLC,No fund #,first_filer,1,2026-05-28,0002135585,https://www.sec.gov/cgi-bin/browse-edgar?action=getcompany&CIK=0002135585&type=D
,Engine Ventures Scale Up,"Engine Ventures Scale Up Fund I, L.P.",Fund I,first_filer,1,2026-05-27,0002134977,https://www.sec.gov/cgi-bin/browse-edgar?action=getcompany&CIK=0002134977&type=D
,Daybreak Ventures Opportunities 4,"Daybreak Ventures Opportunities 4, LLC",No fund #,first_filer,1,2026-05-27,0002137367,https://www.sec.gov/cgi-bin/browse-edgar?action=getcompany&CIK=0002137367&type=D
,Ahead VC AI Fund,"Ahead VC AI Fund, LP",No fund #,first_filer,1,2026-05-27,0002135040,https://www.sec.gov/cgi-bin/browse-edgar?action=getcompany&CIK=0002135040&type=D
,AAL VC,"AAL VC Fund II, LP",Fund II,first_filer,1,2026-05-27,0002137187,https://www.sec.gov/cgi-bin/browse-edgar?action=getcompany&CIK=0002137187&type=D
,"American Ventures LLC, Series XLVII Quality One","American Ventures LLC, Series XLVII Quality One",No fund #,first_filer,1,2026-05-26,0002135067,https://www.sec.gov/cgi-bin/browse-edgar?action=getcompany&CIK=0002135067&type=D
,Banyan Ventures,"Banyan Ventures Fund II, L.P.",Fund II,first_filer,1,2026-05-26,0002111782,https://www.sec.gov/cgi-bin/browse-edgar?action=getcompany&CIK=0002111782&type=D
,Spice Opportunity - CAS B,"Spice Opportunity - CAS B, LP",No fund #,first_filer,1,2026-05-26,0002136300,https://www.sec.gov/cgi-bin/browse-edgar?action=getcompany&CIK=0002136300&type=D
,Aventura Defense Ventures I,Aventura Defense Ventures I,No fund #,first_filer,1,2026-05-26,0002134814,https://www.sec.gov/cgi-bin/browse-edgar?action=getcompany&CIK=0002134814&type=D
,WAGMI 193 - WAGMI Master,WAGMI 193 - WAGMI Master LLC,No fund #,first_filer,1,2026-05-26,0002137013,https://www.sec.gov/cgi-bin/browse-edgar?action=getcompany&CIK=0002137013&type=D
,Menlo AI Leaders II,"Menlo AI Leaders II, L.P.",No fund #,first_filer,1,2026-05-22,0002133555,https://www.sec.gov/cgi-bin/browse-edgar?action=getcompany&CIK=0002133555&type=D
,Alpine Fitness Ventures,Alpine Fitness Ventures LLC,No fund #,first_filer,1,2026-05-22,0002134783,https://www.sec.gov/cgi-bin/browse-edgar?action=getcompany&CIK=0002134783&type=D
,Liberty City Ventures AI Fund,Liberty City Ventures AI Fund LLC,No fund #,first_filer,1,2026-05-22,0002135760,https://www.sec.gov/cgi-bin/browse-edgar?action=getcompany&CIK=0002135760&type=D
,GX Expedition,"GX Expedition Fund I, LP",Fund I,first_filer,1,2026-05-22,0002135313,https://www.sec.gov/cgi-bin/browse-edgar?action=getcompany&CIK=0002135313&type=D
,Carry Venture Capital,"Carry Venture Capital Fund I, LP",Fund I,first_filer,1,2026-05-21,0002071584,https://www.sec.gov/cgi-bin/browse-edgar?action=getcompany&CIK=0002071584&type=D
,APV MACH 2026,APV MACH 2026 LLC,No fund #,first_filer,1,2026-05-20,0002129189,https://www.sec.gov/cgi-bin/browse-edgar?action=getcompany&CIK=0002129189&type=D
,WAGMI 192 - WAGMI Master,WAGMI 192 - WAGMI Master LLC,No fund #,first_filer,1,2026-05-20,0002134826,https://www.sec.gov/cgi-bin/browse-edgar?action=getcompany&CIK=0002134826&type=D
,Breyer Zou Ventures I,"Breyer Zou Ventures I, LP",No fund #,first_filer,1,2026-05-19,0002085633,https://www.sec.gov/cgi-bin/browse-edgar?action=getcompany&CIK=0002085633&type=D
,Spice Opportunity - ZII B,"Spice Opportunity - ZII B, LP",No fund #,first_filer,1,2026-05-19,0002132835,https://www.sec.gov/cgi-bin/browse-edgar?action=getcompany&CIK=0002132835&type=D
,Spice Opportunity - IDFI,"Spice Opportunity - IDFI, LP",No fund #,first_filer,1,2026-05-19,0002132837,https://www.sec.gov/cgi-bin/browse-edgar?action=getcompany&CIK=0002132837&type=D
,200 North Seventh Avenue Joint Venture,"200 North Seventh Avenue Joint Venture, LLC",No fund #,first_filer,1,2026-05-19,0002133968,https://www.sec.gov/cgi-bin/browse-edgar?action=getcompany&CIK=0002133968&type=D
,Kalea Ventures Funds LLC - Series I MSAI,Kalea Ventures Funds LLC - Series I MSAI,No fund #,first_filer,1,2026-05-18,0002131962,https://www.sec.gov/cgi-bin/browse-edgar?action=getcompany&CIK=0002131962&type=D
,137 Holdings PHI,"137 Holdings PHI, LLC",No fund #,first_filer,1,2026-05-18,0002130767,https://www.sec.gov/cgi-bin/browse-edgar?action=getcompany&CIK=0002130767&type=D
,DNA Capital VC II,DNA Capital VC II LP,No fund #,first_filer,1,2026-05-18,0002123937,https://www.sec.gov/cgi-bin/browse-edgar?action=getcompany&CIK=0002123937&type=D
,"American Ventures LLC, Series XLIV DBC","American Ventures LLC, Series XLIV DBC",No fund #,first_filer,1,2026-05-15,0002128391,https://www.sec.gov/cgi-bin/browse-edgar?action=getcompany&CIK=0002128391&type=D
,Althing Ventures,"Althing Ventures Fund I, LP",Fund I,first_filer,1,2026-05-15,0002123077,https://www.sec.gov/cgi-bin/browse-edgar?action=getcompany&CIK=0002123077&type=D
,Interwoven Ventures S3,Interwoven Ventures S3 LLC,No fund #,first_filer,1,2026-05-15,0002126225,https://www.sec.gov/cgi-bin/browse-edgar?action=getcompany&CIK=0002126225&type=D
,Z21 Ventures HEN Tech Feb 2026,Z21 Ventures HEN Tech Feb 2026 LLC,No fund #,first_filer,1,2026-05-15,0002126258,https://www.sec.gov/cgi-bin/browse-edgar?action=getcompany&CIK=0002126258&type=D
,Inflection Ventures Anthropic,Inflection Ventures Anthropic Fund I LLC,Fund I,first_filer,1,2026-05-15,0002128726,https://www.sec.gov/cgi-bin/browse-edgar?action=getcompany&CIK=0002128726&type=D
,Embedded Ventures 2026-I,Embedded Ventures 2026-I LLC,No fund #,first_filer,1,2026-05-15,0002135194,https://www.sec.gov/cgi-bin/browse-edgar?action=getcompany&CIK=0002135194&type=D
,HDVA On-chain,HDVA On-chain LLC,No fund #,first_filer,1,2026-05-15,0002128764,https://www.sec.gov/cgi-bin/browse-edgar?action=getcompany&CIK=0002128764&type=D
,Sage Venture Partners (BMG Labs II),"Sage Venture Partners (BMG Labs II), LLC",No fund #,first_filer,1,2026-05-15,0002128724,https://www.sec.gov/cgi-bin/browse-edgar?action=getcompany&CIK=0002128724&type=D
,TCP Shield,"TCP Shield, LP",No fund #,first_filer,1,2026-05-15,0002134853,https://www.sec.gov/cgi-bin/browse-edgar?action=getcompany&CIK=0002134853&type=D
,DISCIPULUS VENTURES II,"DISCIPULUS VENTURES II, LP",No fund #,first_filer,1,2026-05-14,0002134195,https://www.sec.gov/cgi-bin/browse-edgar?action=getcompany&CIK=0002134195&type=D
,AGI HOUSE VENTURES,"AGI HOUSE VENTURES FUND I, LP",Fund I,first_filer,1,2026-05-14,0002060017,https://www.sec.gov/cgi-bin/browse-edgar?action=getcompany&CIK=0002060017&type=D
,Proximity Quest I,"Proximity Quest I, LLC",No fund #,first_filer,1,2026-05-14,0002124304,https://www.sec.gov/cgi-bin/browse-edgar?action=getcompany&CIK=0002124304&type=D
,Niya Partners OX,Niya Partners OX LLC,No fund #,first_filer,1,2026-05-14,0002132294,https://www.sec.gov/cgi-bin/browse-edgar?action=getcompany&CIK=0002132294&type=D
,Lorimer Ventures,Lorimer Ventures Fund 2 QP LP,Fund II,first_filer,1,2026-05-13,0002131754,https://www.sec.gov/cgi-bin/browse-edgar?action=getcompany&CIK=0002131754&type=D
,Lorimer Ventures,Lorimer Ventures Fund 2 LP,Fund II,first_filer,1,2026-05-13,0002131609,https://www.sec.gov/cgi-bin/browse-edgar?action=getcompany&CIK=0002131609&type=D
,Entropy Ventures,Entropy Ventures Fund I LP,Fund I,first_filer,1,2026-05-13,0002134153,https://www.sec.gov/cgi-bin/browse-edgar?action=getcompany&CIK=0002134153&type=D
,Pragmatech,"Pragmatech Fund II, LP",Fund II,first_filer,1,2026-05-13,0002134519,https://www.sec.gov/cgi-bin/browse-edgar?action=getcompany&CIK=0002134519&type=D
,PI US Partners,PI US Partners LLC,No fund #,first_filer,1,2026-05-13,0002133718,https://www.sec.gov/cgi-bin/browse-edgar?action=getcompany&CIK=0002133718&type=D
,Pattern Ventures,Pattern Ventures Fund II LP,Fund II,first_filer,1,2026-05-12,0002131870,https://www.sec.gov/cgi-bin/browse-edgar?action=getcompany&CIK=0002131870&type=D
,ALIAVIA Ventures,"ALIAVIA Ventures Fund II, L.P.",Fund II,first_filer,1,2026-05-12,0002076758,https://www.sec.gov/cgi-bin/browse-edgar?action=getcompany&CIK=0002076758&type=D
,Valor Ventures PL,"Valor Ventures PL, L.P.",No fund #,first_filer,1,2026-05-11,0002132064,https://www.sec.gov/cgi-bin/browse-edgar?action=getcompany&CIK=0002132064&type=D
,WAGMI 191 - WAGMI Master,WAGMI 191 - WAGMI Master LLC,No fund #,first_filer,1,2026-05-11,0002121686,https://www.sec.gov/cgi-bin/browse-edgar?action=getcompany&CIK=0002121686&type=D
,Mirae Asset BioHealth Ingenuity,"Mirae Asset BioHealth Ingenuity Fund I, LP",Fund I,first_filer,1,2026-05-11,0002131553,https://www.sec.gov/cgi-bin/browse-edgar?action=getcompany&CIK=0002131553&type=D
,137 Holdings ABI,"137 Holdings ABI, LLC",No fund #,first_filer,1,2026-05-11,0002133257,https://www.sec.gov/cgi-bin/browse-edgar?action=getcompany&CIK=0002133257&type=D
,Qiming Venture Partners IX-D,"Qiming Venture Partners IX-D, L.P.",No fund #,first_filer,1,2026-05-11,0002130176,https://www.sec.gov/cgi-bin/browse-edgar?action=getcompany&CIK=0002130176&type=D
,FOURTH PICK VENTURES,"FOURTH PICK VENTURES, LLC",No fund #,first_filer,1,2026-05-08,0002133192,https://www.sec.gov/cgi-bin/browse-edgar?action=getcompany&CIK=0002133192&type=D
,Apogee Venture Fund,Apogee Venture Fund LLC,No fund #,first_filer,1,2026-05-08,0002131484,https://www.sec.gov/cgi-bin/browse-edgar?action=getcompany&CIK=0002131484&type=D
,Mirae Asset New Paradigm Fund,"Mirae Asset New Paradigm Fund, L.P.",No fund #,first_filer,1,2026-05-08,0002134156,https://www.sec.gov/cgi-bin/browse-edgar?action=getcompany&CIK=0002134156&type=D
,Medical Technology Venture Partners I-A,"Medical Technology Venture Partners I-A, L.P.",No fund #,first_filer,1,2026-05-08,0002132453,https://www.sec.gov/cgi-bin/browse-edgar?action=getcompany&CIK=0002132453&type=D
,forml,"forml, Inc.",No fund #,first_filer,2,2026-05-07,0002024991,https://www.sec.gov/cgi-bin/browse-edgar?action=getcompany&CIK=0002024991&type=D
,SkyBeam Venture Partners,SkyBeam Venture Partners Fund I LP,Fund I,first_filer,1,2026-05-07,0002108858,https://www.sec.gov/cgi-bin/browse-edgar?action=getcompany&CIK=0002108858&type=D
,MHS Capital Partners CE,"MHS Capital Partners CE, LLC",No fund #,first_filer,1,2026-05-07,0002132975,https://www.sec.gov/cgi-bin/browse-edgar?action=getcompany&CIK=0002132975&type=D
,MHS Capital Partners ST,"MHS Capital Partners ST, LLC",No fund #,first_filer,1,2026-05-07,0002133050,https://www.sec.gov/cgi-bin/browse-edgar?action=getcompany&CIK=0002133050&type=D
,MHS Capital Partners IN,"MHS Capital Partners IN, LLC",No fund #,first_filer,1,2026-05-07,0002132946,https://www.sec.gov/cgi-bin/browse-edgar?action=getcompany&CIK=0002132946&type=D
,River Partners SD3 VC Fund,"River Partners SD3 VC Fund, LLC",No fund #,first_filer,1,2026-05-07,0002129100,https://www.sec.gov/cgi-bin/browse-edgar?action=getcompany&CIK=0002129100&type=D
,Solaris Ventures,"Solaris Ventures Fund I, LP",Fund I,first_filer,1,2026-05-06,0002131628,https://www.sec.gov/cgi-bin/browse-edgar?action=getcompany&CIK=0002131628&type=D
,Unifi Local Hero,"Unifi Local Hero, LLC",No fund #,first_filer,2,2026-05-06,0002072387,https://www.sec.gov/cgi-bin/browse-edgar?action=getcompany&CIK=0002072387&type=D
,Archimede Ventures,"Archimede Ventures Fund I, LP",Fund I,first_filer,1,2026-05-05,0002133072,https://www.sec.gov/cgi-bin/browse-edgar?action=getcompany&CIK=0002133072&type=D
,PCV,"PCV Fund I Partners - Recur, LP",Fund I,first_filer,1,2026-05-05,0002131996,https://www.sec.gov/cgi-bin/browse-edgar?action=getcompany&CIK=0002131996&type=D
,137 Holdings SXXII,"137 Holdings SXXII, LLC",No fund #,first_filer,1,2026-05-05,0002129283,https://www.sec.gov/cgi-bin/browse-edgar?action=getcompany&CIK=0002129283&type=D
,CCV-LowRateCo-2025,CCV-LowRateCo-2025 LLC,No fund #,first_filer,2,2026-05-05,0002131911,https://www.sec.gov/cgi-bin/browse-edgar?action=getcompany&CIK=0002131911&type=D
,Crosscourt Ventures II,"Crosscourt Ventures II, LP",No fund #,first_filer,1,2026-05-04,0002131466,https://www.sec.gov/cgi-bin/browse-edgar?action=getcompany&CIK=0002131466&type=D
,Coastal Ventures II Barwick QP Fund,"Coastal Ventures II Barwick QP Fund, LLC",No fund #,first_filer,1,2026-05-04,0002130379,https://www.sec.gov/cgi-bin/browse-edgar?action=getcompany&CIK=0002130379&type=D
,COASTAL VENTURES II BARWICK FUND,"COASTAL VENTURES II BARWICK FUND, LLC",No fund #,first_filer,1,2026-05-04,0002130385,https://www.sec.gov/cgi-bin/browse-edgar?action=getcompany&CIK=0002130385&type=D
,Tall Ventures,"Tall Ventures Fund I, L.P.",Fund I,first_filer,1,2026-05-04,0002099020,https://www.sec.gov/cgi-bin/browse-edgar?action=getcompany&CIK=0002099020&type=D
,Tandem Ventures,"Tandem Ventures Fund II, LP",Fund II,first_filer,1,2026-05-04,0002128144,https://www.sec.gov/cgi-bin/browse-edgar?action=getcompany&CIK=0002128144&type=D
,One of One Ventures Technology,"One of One Ventures Technology, Inc.",No fund #,first_filer,1,2026-05-04,0002131570,https://www.sec.gov/cgi-bin/browse-edgar?action=getcompany&CIK=0002131570&type=D
,Gatsby Ventures,Gatsby Ventures LLC,No fund #,first_filer,2,2026-05-04,0002091843,https://www.sec.gov/cgi-bin/browse-edgar?action=getcompany&CIK=0002091843&type=D
,Fox Run Ventures,Fox Run Ventures LLC,No fund #,first_filer,1,2026-05-04,0002132849,https://www.sec.gov/cgi-bin/browse-edgar?action=getcompany&CIK=0002132849&type=D
,Solid Financial Ventures - Amplifica,Solid Financial Ventures - Amplifica LP,No fund #,first_filer,1,2026-05-04,0002127794,https://www.sec.gov/cgi-bin/browse-edgar?action=getcompany&CIK=0002127794&type=D
,Autilus Emerging VC Managers,"Autilus Emerging VC Managers Fund I, LP",Fund I,first_filer,1,2026-05-04,0002127659,https://www.sec.gov/cgi-bin/browse-edgar?action=getcompany&CIK=0002127659&type=D
,Kindred GMF3,"Kindred GMF3, L.P.",No fund #,first_filer,1,2026-05-01,0002127223,https://www.sec.gov/cgi-bin/browse-edgar?action=getcompany&CIK=0002127223&type=D
,Sandlot Ventures,"Sandlot Ventures Fund I-A, L.P.",Fund I,first_filer,1,2026-05-01,0002108155,https://www.sec.gov/cgi-bin/browse-edgar?action=getcompany&CIK=0002108155&type=D
,Sandlot Ventures,"Sandlot Ventures Fund I, L.P.",Fund I,first_filer,1,2026-05-01,0002107067,https://www.sec.gov/cgi-bin/browse-edgar?action=getcompany&CIK=0002107067&type=D
,Daybreak Ventures Opportunities 3,"Daybreak Ventures Opportunities 3, LLC",No fund #,first_filer,1,2026-05-01,0002131994,https://www.sec.gov/cgi-bin/browse-edgar?action=getcompany&CIK=0002131994&type=D
,Liquid 2 Ventures Fund Series-06,"Liquid 2 Ventures Fund Series-06, L.P.",No fund #,first_filer,1,2026-05-01,0002124963,https://www.sec.gov/cgi-bin/browse-edgar?action=getcompany&CIK=0002124963&type=D
,New Earth Ventures,New Earth Ventures Fund I LP,Fund I,first_filer,1,2026-04-30,0002058860,https://www.sec.gov/cgi-bin/browse-edgar?action=getcompany&CIK=0002058860&type=D
,"American Ventures LLC, Series XLIX GNS","American Ventures LLC, Series XLIX GNS",No fund #,first_filer,1,2026-04-30,0002128836,https://www.sec.gov/cgi-bin/browse-edgar?action=getcompany&CIK=0002128836&type=D
,RVC Pawa 2026,"RVC Pawa 2026, L.P.",No fund #,first_filer,1,2026-04-30,0002129119,https://www.sec.gov/cgi-bin/browse-edgar?action=getcompany&CIK=0002129119&type=D
,NV Scout AI Series A AC Partners,NV Scout AI Series A AC Partners LLC,No fund #,first_filer,1,2026-04-30,0002132173,https://www.sec.gov/cgi-bin/browse-edgar?action=getcompany&CIK=0002132173&type=D
,FVP Growth Partners II,"FVP Growth Partners II, L.P.",No fund #,first_filer,1,2026-04-30,0002127554,https://www.sec.gov/cgi-bin/browse-edgar?action=getcompany&CIK=0002127554&type=D
,Renown Capital Partners I,"Renown Capital Partners I, L.P.",No fund #,first_filer,1,2026-04-30,0002049968,https://www.sec.gov/cgi-bin/browse-edgar?action=getcompany&CIK=0002049968&type=D
,BOOMERANG PARTNERS GOFLEX,BOOMERANG PARTNERS GOFLEX LLC,No fund #,first_filer,1,2026-04-30,0002127246,https://www.sec.gov/cgi-bin/browse-edgar?action=getcompany&CIK=0002127246&type=D
,KR Investment Partners Select II,KR Investment Partners Select II LLC,No fund #,first_filer,1,2026-04-30,0002107865,https://www.sec.gov/cgi-bin/browse-edgar?action=getcompany&CIK=0002107865&type=D
,Franklin Blackhorse Opportunities,"Franklin Blackhorse Opportunities, L.P.",No fund #,first_filer,1,2026-04-30,0002130348,https://www.sec.gov/cgi-bin/browse-edgar?action=getcompany&CIK=0002130348&type=D
,Menlo Inflection Suno Partners II,"Menlo Inflection Suno Partners II, L.P.",No fund #,first_filer,1,2026-04-29,0002130171,https://www.sec.gov/cgi-bin/browse-edgar?action=getcompany&CIK=0002130171&type=D
,EnOne Ventures,EnOne Ventures LP,No fund #,first_filer,1,2026-04-29,0002129854,https://www.sec.gov/cgi-bin/browse-edgar?action=getcompany&CIK=0002129854&type=D
,"Alpha Drive Ventures Fund, Limited Partnership","Alpha Drive Ventures Fund, Limited Partnership",No fund #,first_filer,1,2026-04-28,0002127778,https://www.sec.gov/cgi-bin/browse-edgar?action=getcompany&CIK=0002127778&type=D
,Highlands VP LLC - Series IV,Highlands VP LLC - Series IV,No fund #,first_filer,1,2026-04-28,0002132026,https://www.sec.gov/cgi-bin/browse-edgar?action=getcompany&CIK=0002132026&type=D
,EQT Life Sciences 8-Core Privak,EQT Life Sciences 8-Core Privak,No fund #,first_filer,1,2026-04-28,0002115456,https://www.sec.gov/cgi-bin/browse-edgar?action=getcompany&CIK=0002115456&type=D
,Starshot,"Starshot Fund II, L.P.",Fund II,first_filer,1,2026-04-28,0002121647,https://www.sec.gov/cgi-bin/browse-edgar?action=getcompany&CIK=0002121647&type=D
,CADENZA VENTURES OPPORTUNITIES FUND LP SERIES K,CADENZA VENTURES OPPORTUNITIES FUND LP SERIES K,No fund #,first_filer,1,2026-04-27,0002129089,https://www.sec.gov/cgi-bin/browse-edgar?action=getcompany&CIK=0002129089&type=D
,CADENZA AI VENTURES OPPORTUNITIES FUND SERIES TE,CADENZA AI VENTURES OPPORTUNITIES FUND SERIES TE,No fund #,first_filer,1,2026-04-27,0002129090,https://www.sec.gov/cgi-bin/browse-edgar?action=getcompany&CIK=0002129090&type=D
,CADENZA AI VENTURES OPPORTUNITIES FUND LP SERIES S,CADENZA AI VENTURES OPPORTUNITIES FUND LP SERIES S,No fund #,first_filer,1,2026-04-27,0002129088,https://www.sec.gov/cgi-bin/browse-edgar?action=getcompany&CIK=0002129088&type=D
,Sambhasa Global Ventures,"Sambhasa Global Ventures, LP",No fund #,first_filer,1,2026-04-27,0002131238,https://www.sec.gov/cgi-bin/browse-edgar?action=getcompany&CIK=0002131238&type=D
,CADENZA VENTURES OPPORTUNITIES FUND LP SERIES EM,CADENZA VENTURES OPPORTUNITIES FUND LP SERIES EM,No fund #,first_filer,1,2026-04-27,0002129011,https://www.sec.gov/cgi-bin/browse-edgar?action=getcompany&CIK=0002129011&type=D
,CADENZA VENTURES OPPORTUNITIES FUND LP SERIES CA,CADENZA VENTURES OPPORTUNITIES FUND LP SERIES CA,No fund #,first_filer,1,2026-04-27,0002129012,https://www.sec.gov/cgi-bin/browse-edgar?action=getcompany&CIK=0002129012&type=D
,Atreides Private Opportunities,"Atreides Private Opportunities Fund II, LP",Fund II,first_filer,1,2026-04-27,0002121510,https://www.sec.gov/cgi-bin/browse-edgar?action=getcompany&CIK=0002121510&type=D
,AVSF - Thea Energy 2026,"AVSF - Thea Energy 2026, LLC",No fund #,first_filer,1,2026-04-27,0002127472,https://www.sec.gov/cgi-bin/browse-edgar?action=getcompany&CIK=0002127472&type=D
,AVSF - Andromeda Surgical 2026,"AVSF - Andromeda Surgical 2026, LLC",No fund #,first_filer,1,2026-04-27,0002127057,https://www.sec.gov/cgi-bin/browse-edgar?action=getcompany&CIK=0002127057&type=D
,AVSF - Wealth 2026,"AVSF - Wealth 2026, LLC",No fund #,first_filer,1,2026-04-27,0002125894,https://www.sec.gov/cgi-bin/browse-edgar?action=getcompany&CIK=0002125894&type=D
,Patient Capital Venture,"Patient Capital Venture Fund I, LP",Fund I,first_filer,1,2026-04-27,0002131318,https://www.sec.gov/cgi-bin/browse-edgar?action=getcompany&CIK=0002131318&type=D
,"Cupola VC 14, L.L.","Cupola VC 14, L.L.L.P.",No fund #,first_filer,1,2026-04-27,0002131933,https://www.sec.gov/cgi-bin/browse-edgar?action=getcompany&CIK=0002131933&type=D
,Daybreak Ventures Opportunities 2,"Daybreak Ventures Opportunities 2, LLC",No fund #,first_filer,1,2026-04-24,0002127560,https://www.sec.gov/cgi-bin/browse-edgar?action=getcompany&CIK=0002127560&type=D
,PharmStars Ventures,PharmStars Ventures Fund 1 LP,Fund I,first_filer,1,2026-04-24,0002127444,https://www.sec.gov/cgi-bin/browse-edgar?action=getcompany&CIK=0002127444&type=D
,Random Forest AI Ventures,"Random Forest AI Ventures Fund II, L.P.",Fund II,first_filer,1,2026-04-24,0002131477,https://www.sec.gov/cgi-bin/browse-edgar?action=getcompany&CIK=0002131477&type=D
,Cadenza Ventures Opportunities Fund Series GO,Cadenza Ventures Opportunities Fund Series GO,No fund #,first_filer,1,2026-04-24,0002129087,https://www.sec.gov/cgi-bin/browse-edgar?action=getcompany&CIK=0002129087&type=D
,CADENZA AI VENTURES OPPORTUNITIES FUND LP SERIES TO,CADENZA AI VENTURES OPPORTUNITIES FUND LP SERIES TO,No fund #,first_filer,1,2026-04-24,0002129091,https://www.sec.gov/cgi-bin/browse-edgar?action=getcompany&CIK=0002129091&type=D
,Pantheon Global Secondaries Structured Solutions SubNote Aggregator,Pantheon Global Secondaries Structured Solutions SubNote Aggregator LP,No fund #,first_filer,1,2026-04-24,0002129829,https://www.sec.gov/cgi-bin/browse-edgar?action=getcompany&CIK=0002129829&type=D
,Pantheon Global Secondaries Structured Solutions,Pantheon Global Secondaries Structured Solutions LP,No fund #,first_filer,1,2026-04-24,0002130662,https://www.sec.gov/cgi-bin/browse-edgar?action=getcompany&CIK=0002130662&type=D
,Citizen Energy 2026 Drilling Fund,"Citizen Energy 2026 Drilling Fund, LP",No fund #,first_filer,1,2026-04-24,0002128180,https://www.sec.gov/cgi-bin/browse-edgar?action=getcompany&CIK=0002128180&type=D
,Highlands VP LLC Series VII,Highlands VP LLC Series VII,No fund #,first_filer,1,2026-04-24,0002129765,https://www.sec.gov/cgi-bin/browse-edgar?action=getcompany&CIK=0002129765&type=D
,Highlands VP LLC Series VI,Highlands VP LLC Series VI,No fund #,first_filer,1,2026-04-24,0002131621,https://www.sec.gov/cgi-bin/browse-edgar?action=getcompany&CIK=0002131621&type=D
,Permanent Capital Ventures,"Permanent Capital Ventures Fund II, LP",Fund II,first_filer,1,2026-04-23,0002109240,https://www.sec.gov/cgi-bin/browse-edgar?action=getcompany&CIK=0002109240&type=D
,J2 Ventures Strategic Opportunities H,"J2 Ventures Strategic Opportunities H, L.P.",No fund #,first_filer,1,2026-04-23,0002128763,https://www.sec.gov/cgi-bin/browse-edgar?action=getcompany&CIK=0002128763&type=D
,J2 Ventures Strategic Opportunities G,"J2 Ventures Strategic Opportunities G, L.P.",No fund #,first_filer,1,2026-04-23,0002127398,https://www.sec.gov/cgi-bin/browse-edgar?action=getcompany&CIK=0002127398&type=D
,Tierra Energy Ventures Argentina,Tierra Energy Ventures Argentina LLC,No fund #,first_filer,1,2026-04-23,0002130870,https://www.sec.gov/cgi-bin/browse-edgar?action=getcompany&CIK=0002130870&type=D
,Bespoke Luxury Ventures,Bespoke Luxury Ventures LLC,No fund #,first_filer,2,2026-04-23,0001995315,https://www.sec.gov/cgi-bin/browse-edgar?action=getcompany&CIK=0001995315&type=D
,Bentkey Ventures,"Bentkey Ventures, LLC",No fund #,first_filer,1,2026-04-23,0002131361,https://www.sec.gov/cgi-bin/browse-edgar?action=getcompany&CIK=0002131361&type=D
,California Land Investors,California Land Investors LLC,No fund #,first_filer,1,2026-04-23,0002131475,https://www.sec.gov/cgi-bin/browse-edgar?action=getcompany&CIK=0002131475&type=D
,LifeX OG,LifeX OG LLC,No fund #,first_filer,1,2026-04-23,0002129905,https://www.sec.gov/cgi-bin/browse-edgar?action=getcompany&CIK=0002129905&type=D
,OPEN OAI I,"OPEN OAI I, LP",No fund #,first_filer,1,2026-04-23,0002126379,https://www.sec.gov/cgi-bin/browse-edgar?action=getcompany&CIK=0002126379&type=D
,AWM Ventures Private Equity,AWM Ventures Private Equity Fund I,Fund I,first_filer,1,2026-04-22,0002130299,https://www.sec.gov/cgi-bin/browse-edgar?action=getcompany&CIK=0002130299&type=D
,Providence Venture Capital,"Providence Venture Capital, LLC",No fund #,first_filer,1,2026-04-22,0002130771,https://www.sec.gov/cgi-bin/browse-edgar?action=getcompany&CIK=0002130771&type=D
,MUDITA VENTURE FUND QP,MUDITA VENTURE FUND QP LLC,No fund #,first_filer,1,2026-04-22,0002126737,https://www.sec.gov/cgi-bin/browse-edgar?action=getcompany&CIK=0002126737&type=D
,Coastal Car Wash Holding Co 2,"Coastal Car Wash Holding Co 2, LLC",No fund #,first_filer,1,2026-04-21,0002131001,https://www.sec.gov/cgi-bin/browse-edgar?action=getcompany&CIK=0002131001&type=D
,Odd Bird Ventures 1,"Odd Bird Ventures 1, LP",No fund #,first_filer,1,2026-04-21,0002126392,https://www.sec.gov/cgi-bin/browse-edgar?action=getcompany&CIK=0002126392&type=D
,Vataseason Ventures Fund,Vataseason Ventures Fund LLC,No fund #,first_filer,1,2026-04-21,0002128175,https://www.sec.gov/cgi-bin/browse-edgar?action=getcompany&CIK=0002128175&type=D
,"Boardman Bay Ventures, LP - Series R","Boardman Bay Ventures, LP - Series R",No fund #,first_filer,1,2026-04-21,0002130093,https://www.sec.gov/cgi-bin/browse-edgar?action=getcompany&CIK=0002130093&type=D
,Long Way Ventures,Long Way Ventures Fund II LLC,Fund II,first_filer,1,2026-04-21,0002130595,https://www.sec.gov/cgi-bin/browse-edgar?action=getcompany&CIK=0002130595&type=D
,Raintree Venture,Raintree Venture Fund I LP,Fund I,first_filer,1,2026-04-21,0002129390,https://www.sec.gov/cgi-bin/browse-edgar?action=getcompany&CIK=0002129390&type=D
,ZDN VC LLC - Series SPX 1,ZDN VC LLC - Series SPX 1,No fund #,first_filer,1,2026-04-21,0002128558,https://www.sec.gov/cgi-bin/browse-edgar?action=getcompany&CIK=0002128558&type=D
,Vocal Ventures,"Vocal Ventures Fund I, LP",Fund I,first_filer,1,2026-04-20,0002129506,https://www.sec.gov/cgi-bin/browse-edgar?action=getcompany&CIK=0002129506&type=D
,AUGUREY VENTURES II - SERIES ANDURIL E,AUGUREY VENTURES II - SERIES ANDURIL E,No fund #,first_filer,1,2026-04-20,0002130809,https://www.sec.gov/cgi-bin/browse-edgar?action=getcompany&CIK=0002130809&type=D
,Vocal Ventures,"Vocal Ventures Fund I GP, LLC",Fund I,first_filer,1,2026-04-20,0002129335,https://www.sec.gov/cgi-bin/browse-edgar?action=getcompany&CIK=0002129335&type=D
,AVSF - Greenlight Bio 2026,"AVSF - Greenlight Bio 2026, LLC",No fund #,first_filer,1,2026-04-20,0002123119,https://www.sec.gov/cgi-bin/browse-edgar?action=getcompany&CIK=0002123119&type=D
,ALPHA7 CAPITAL,ALPHA7 CAPITAL LLC,No fund #,first_filer,1,2026-04-20,0002125854,https://www.sec.gov/cgi-bin/browse-edgar?action=getcompany&CIK=0002125854&type=D
,AUGUREY VENTURES QP FUND - SERIES ANDURIL E,AUGUREY VENTURES QP FUND - SERIES ANDURIL E,No fund #,first_filer,1,2026-04-17,0002130525,https://www.sec.gov/cgi-bin/browse-edgar?action=getcompany&CIK=0002130525&type=D
,AUGUREY VENTURES I - SERIES ANDURIL E,AUGUREY VENTURES I - SERIES ANDURIL E,No fund #,first_filer,1,2026-04-17,0002130528,https://www.sec.gov/cgi-bin/browse-edgar?action=getcompany&CIK=0002130528&type=D
,CHB 2026 Investors,CHB 2026 Investors LLC,No fund #,first_filer,1,2026-04-17,0002126836,https://www.sec.gov/cgi-bin/browse-edgar?action=getcompany&CIK=0002126836&type=D
,PCA Opportunities,"PCA Opportunities Fund 2026, L.P. - Series G (Venture XI)",No fund #,first_filer,1,2026-04-17,0002121671,https://www.sec.gov/cgi-bin/browse-edgar?action=getcompany&CIK=0002121671&type=D
,Sulcata Ventures,"Sulcata Ventures Fund I, LP",Fund I,first_filer,1,2026-04-16,0002130349,https://www.sec.gov/cgi-bin/browse-edgar?action=getcompany&CIK=0002130349&type=D
,Plow Ventures II,"Plow Ventures II, L.P.",No fund #,first_filer,1,2026-04-16,0002046083,https://www.sec.gov/cgi-bin/browse-edgar?action=getcompany&CIK=0002046083&type=D
,RANCHLANDMTX1,RANCHLANDMTX1 LLC,No fund #,first_filer,1,2026-04-16,0002127662,https://www.sec.gov/cgi-bin/browse-edgar?action=getcompany&CIK=0002127662&type=D
,SP Ozarks,"SP Ozarks, LLC",No fund #,first_filer,1,2026-04-16,0002130121,https://www.sec.gov/cgi-bin/browse-edgar?action=getcompany&CIK=0002130121&type=D
,SP MOUNT VICTORIA II,"SP MOUNT VICTORIA II, LLC",No fund #,first_filer,1,2026-04-16,0002129732,https://www.sec.gov/cgi-bin/browse-edgar?action=getcompany&CIK=0002129732&type=D
,Principal Technologies,Principal Technologies Inc.,No fund #,first_filer,1,2026-04-16,0002105516,https://www.sec.gov/cgi-bin/browse-edgar?action=getcompany&CIK=0002105516&type=D
,"K2 Venture Capital Investment Company, LLC.","K2 Venture Capital Investment Company, LLC.",No fund #,first_filer,2,2026-04-16,0002127394,https://www.sec.gov/cgi-bin/browse-edgar?action=getcompany&CIK=0002127394&type=D
,Altra Venture Opportunity,Altra Venture Opportunity Fund II LP,Fund II,first_filer,2,2026-04-16,0002129527,https://www.sec.gov/cgi-bin/browse-edgar?action=getcompany&CIK=0002129527&type=D
,Fulcrum Venture Group Funds LLC - Series CMG 1,Fulcrum Venture Group Funds LLC - Series CMG 1,No fund #,first_filer,2,2026-04-16,0002129136,https://www.sec.gov/cgi-bin/browse-edgar?action=getcompany&CIK=0002129136&type=D
,Fulcrum Venture Group Funds LLC - Series Blank Slate 1,Fulcrum Venture Group Funds LLC - Series Blank Slate 1,No fund #,first_filer,1,2026-04-16,0002126834,https://www.sec.gov/cgi-bin/browse-edgar?action=getcompany&CIK=0002126834&type=D
,Strata Capital Partners,"Strata Capital Partners Fund I, L.P.",Fund I,first_filer,1,2026-04-16,0002125285,https://www.sec.gov/cgi-bin/browse-edgar?action=getcompany&CIK=0002125285&type=D
,RV D1 Coinvest,"RV D1 Coinvest, L.P.",No fund #,first_filer,1,2026-04-15,0002124006,https://www.sec.gov/cgi-bin/browse-edgar?action=getcompany&CIK=0002124006&type=D
,Bright Ventures,Bright Ventures Fund II LP,Fund II,first_filer,1,2026-04-15,0002127780,https://www.sec.gov/cgi-bin/browse-edgar?action=getcompany&CIK=0002127780&type=D
,Star Castle Ventures VC - Firehawk Series C,Star Castle Ventures VC - Firehawk Series C,No fund #,first_filer,1,2026-04-15,0002129003,https://www.sec.gov/cgi-bin/browse-edgar?action=getcompany&CIK=0002129003&type=D
,STAR CASTLE VENTURES VC - Blacklake,STAR CASTLE VENTURES VC - Blacklake,No fund #,first_filer,1,2026-04-15,0002129004,https://www.sec.gov/cgi-bin/browse-edgar?action=getcompany&CIK=0002129004&type=D
,VC Equity,VC Equity Fund 1 LLC,Fund I,first_filer,1,2026-04-15,0002129875,https://www.sec.gov/cgi-bin/browse-edgar?action=getcompany&CIK=0002129875&type=D
,TGV Opportunities Fund,TGV Opportunities Fund LLC,No fund #,first_filer,1,2026-04-14,0002129550,https://www.sec.gov/cgi-bin/browse-edgar?action=getcompany&CIK=0002129550&type=D
,unbundled vc,"unbundled vc Fund I, LP",Fund I,first_filer,1,2026-04-14,0002128646,https://www.sec.gov/cgi-bin/browse-edgar?action=getcompany&CIK=0002128646&type=D
,Brevan Howard Macro Venture Onshore Fund,"Brevan Howard Macro Venture Onshore Fund, L.P.",No fund #,first_filer,1,2026-04-14,0002128921,https://www.sec.gov/cgi-bin/browse-edgar?action=getcompany&CIK=0002128921&type=D
,xNova VC,xNova VC Fund I (Aries) L.P.,Fund I,first_filer,2,2026-04-14,0002127489,https://www.sec.gov/cgi-bin/browse-edgar?action=getcompany&CIK=0002127489&type=D
,Red Clover,"Red Clover Fund I, LP",Fund I,first_filer,1,2026-04-14,0002126890,https://www.sec.gov/cgi-bin/browse-edgar?action=getcompany&CIK=0002126890&type=D
,AIT,"AITFund I, LP",Fund I,first_filer,1,2026-04-14,0002127599,https://www.sec.gov/cgi-bin/browse-edgar?action=getcompany&CIK=0002127599&type=D
,Absurd Snacks - Lighthouse Network Ventures,"Absurd Snacks - Lighthouse Network Ventures, LLC",No fund #,first_filer,1,2026-04-13,0002127820,https://www.sec.gov/cgi-bin/browse-edgar?action=getcompany&CIK=0002127820&type=D
,HSA Ventures II,HSA Ventures II LLC,No fund #,first_filer,1,2026-04-13,0002127439,https://www.sec.gov/cgi-bin/browse-edgar?action=getcompany&CIK=0002127439&type=D
,AVSF - Accordance 2026,"AVSF - Accordance 2026, LLC",No fund #,first_filer,1,2026-04-13,0002123021,https://www.sec.gov/cgi-bin/browse-edgar?action=getcompany&CIK=0002123021&type=D
,AVSF - Brisk Teaching 2026,"AVSF - Brisk Teaching 2026, LLC",No fund #,first_filer,1,2026-04-13,0002123120,https://www.sec.gov/cgi-bin/browse-edgar?action=getcompany&CIK=0002123120&type=D
,Fund Launch Partners II,Fund Launch Partners II LP,No fund #,first_filer,1,2026-04-13,0002128145,https://www.sec.gov/cgi-bin/browse-edgar?action=getcompany&CIK=0002128145&type=D
,Ohio Shield Venture,"Ohio Shield Venture, LLC",No fund #,first_filer,1,2026-04-13,0002127950,https://www.sec.gov/cgi-bin/browse-edgar?action=getcompany&CIK=0002127950&type=D
,ENSEMBLE CONTINUATION FUND LLC - SERIES SARONIC III,ENSEMBLE CONTINUATION FUND LLC - SERIES SARONIC III,No fund #,first_filer,1,2026-04-13,0002127973,https://www.sec.gov/cgi-bin/browse-edgar?action=getcompany&CIK=0002127973&type=D
,Petra,"Petra Fund I, LP",Fund I,first_filer,1,2026-04-10,0002128387,https://www.sec.gov/cgi-bin/browse-edgar?action=getcompany&CIK=0002128387&type=D
,AUGUREY VENTURES I - SERIES KRAKEN B,AUGUREY VENTURES I - SERIES KRAKEN B,No fund #,first_filer,1,2026-04-09,0002127325,https://www.sec.gov/cgi-bin/browse-edgar?action=getcompany&CIK=0002127325&type=D
,"AUGUREY VENTURES QP FUND, LLC - SERIES ANTHROPIC SP-3","AUGUREY VENTURES QP FUND, LLC - SERIES ANTHROPIC SP-3",No fund #,first_filer,1,2026-04-09,0002127332,https://www.sec.gov/cgi-bin/browse-edgar?action=getcompany&CIK=0002127332&type=D
,AUGUREY VENTURES I - SERIES APEX A,AUGUREY VENTURES I - SERIES APEX A,No fund #,first_filer,1,2026-04-09,0002127330,https://www.sec.gov/cgi-bin/browse-edgar?action=getcompany&CIK=0002127330&type=D
,AUGUREY VENTURES II - SERIES KRAKEN B,AUGUREY VENTURES II - SERIES KRAKEN B,No fund #,first_filer,1,2026-04-09,0002127322,https://www.sec.gov/cgi-bin/browse-edgar?action=getcompany&CIK=0002127322&type=D
,AUGUREY VENTURES II - SERIES APEX A,AUGUREY VENTURES II - SERIES APEX A,No fund #,first_filer,1,2026-04-09,0002127328,https://www.sec.gov/cgi-bin/browse-edgar?action=getcompany&CIK=0002127328&type=D
,"AUGUREY VENTURES QP FUND, LLC - SERIES ANTHROPIC SP-1","AUGUREY VENTURES QP FUND, LLC - SERIES ANTHROPIC SP-1",No fund #,first_filer,1,2026-04-09,0002127333,https://www.sec.gov/cgi-bin/browse-edgar?action=getcompany&CIK=0002127333&type=D
,"AUGUREY VENTURES QP FUND, LLC - SERIES ANTHROPIC SP-4","AUGUREY VENTURES QP FUND, LLC - SERIES ANTHROPIC SP-4",No fund #,first_filer,1,2026-04-09,0002127331,https://www.sec.gov/cgi-bin/browse-edgar?action=getcompany&CIK=0002127331&type=D
,Ultraspice Opportunity - PLA C,"Ultraspice Opportunity - PLA C, LP",No fund #,first_filer,1,2026-04-09,0002128536,https://www.sec.gov/cgi-bin/browse-edgar?action=getcompany&CIK=0002128536&type=D
,LifeX Sully,LifeX Sully LLC,No fund #,first_filer,1,2026-04-09,0002122894,https://www.sec.gov/cgi-bin/browse-edgar?action=getcompany&CIK=0002122894&type=D
,Sana Capital,"Sana Capital Fund I, L.P.",Fund I,first_filer,1,2026-04-09,0002127124,https://www.sec.gov/cgi-bin/browse-edgar?action=getcompany&CIK=0002127124&type=D
,FVP Digital Future,"FVP Digital Future Fund II, L.P.",Fund II,first_filer,1,2026-04-09,0002105841,https://www.sec.gov/cgi-bin/browse-edgar?action=getcompany&CIK=0002105841&type=D
,BEYOND UTILITY VENTURES,"BEYOND UTILITY VENTURES FUND I, LP",Fund I,first_filer,1,2026-04-08,0002127700,https://www.sec.gov/cgi-bin/browse-edgar?action=getcompany&CIK=0002127700&type=D
,Clique Ventures,Clique Ventures Inc.,No fund #,first_filer,1,2026-04-08,0002128037,https://www.sec.gov/cgi-bin/browse-edgar?action=getcompany&CIK=0002128037&type=D
,"Evolution Ventures Minerva Fund, LP - C1","Evolution Ventures Minerva Fund, LP - C1",No fund #,first_filer,1,2026-04-08,0002120301,https://www.sec.gov/cgi-bin/browse-edgar?action=getcompany&CIK=0002120301&type=D
,FVP Health Innovation Fund,"FVP Health Innovation Fund, L.P.",No fund #,first_filer,1,2026-04-08,0002105384,https://www.sec.gov/cgi-bin/browse-edgar?action=getcompany&CIK=0002105384&type=D
,Biospring Partners CHR,"Biospring Partners CHR, LP",No fund #,first_filer,1,2026-04-08,0002126989,https://www.sec.gov/cgi-bin/browse-edgar?action=getcompany&CIK=0002126989&type=D
,ETP Opportunity,"ETP Opportunity, L.P.",No fund #,first_filer,1,2026-04-08,0002126896,https://www.sec.gov/cgi-bin/browse-edgar?action=getcompany&CIK=0002126896&type=D
,Akhanda Ventures,"Akhanda Ventures, LLC",No fund #,first_filer,1,2026-04-07,0002127414,https://www.sec.gov/cgi-bin/browse-edgar?action=getcompany&CIK=0002127414&type=D
,House Holdings & Mohari Ventures,"House Holdings & Mohari Ventures, LP",No fund #,first_filer,1,2026-04-07,0002124404,https://www.sec.gov/cgi-bin/browse-edgar?action=getcompany&CIK=0002124404&type=D
,"Accelerator Ventures Rolling Fund, LP - F1","Accelerator Ventures Rolling Fund, LP - F1",No fund #,first_filer,1,2026-04-07,0002120617,https://www.sec.gov/cgi-bin/browse-edgar?action=getcompany&CIK=0002120617&type=D
,"Mystic Ventures, LP - E3","Mystic Ventures, LP - E3",No fund #,first_filer,1,2026-04-07,0002120299,https://www.sec.gov/cgi-bin/browse-edgar?action=getcompany&CIK=0002120299&type=D
,"Agent Venture Fund, LP - B2","Agent Venture Fund, LP - B2",No fund #,first_filer,2,2026-04-07,0002120612,https://www.sec.gov/cgi-bin/browse-edgar?action=getcompany&CIK=0002120612&type=D
,WCM Partners Endurance,"WCM Partners Endurance, LP",No fund #,first_filer,1,2026-04-07,0002122842,https://www.sec.gov/cgi-bin/browse-edgar?action=getcompany&CIK=0002122842&type=D
,FVP National Security,"FVP National Security Fund II, L.P.",Fund II,first_filer,1,2026-04-07,0002125615,https://www.sec.gov/cgi-bin/browse-edgar?action=getcompany&CIK=0002125615&type=D
,"Alter VC Fund, LP - E3","Alter VC Fund, LP - E3",No fund #,first_filer,1,2026-04-07,0002121321,https://www.sec.gov/cgi-bin/browse-edgar?action=getcompany&CIK=0002121321&type=D
,Seven Stars Ventures II,"Seven Stars Ventures II, L.P.",No fund #,first_filer,1,2026-04-06,0002127148,https://www.sec.gov/cgi-bin/browse-edgar?action=getcompany&CIK=0002127148&type=D
,AVSF - General Intuition 2026,"AVSF - General Intuition 2026, LLC",No fund #,first_filer,1,2026-04-06,0002120303,https://www.sec.gov/cgi-bin/browse-edgar?action=getcompany&CIK=0002120303&type=D
,AVSF - CoreThink 2026,"AVSF - CoreThink 2026, LLC",No fund #,first_filer,1,2026-04-06,0002121538,https://www.sec.gov/cgi-bin/browse-edgar?action=getcompany&CIK=0002121538&type=D
,Antithesis Ventures,Antithesis Ventures Fund I LP,Fund I,first_filer,1,2026-04-03,0002126448,https://www.sec.gov/cgi-bin/browse-edgar?action=getcompany&CIK=0002126448&type=D
,Model I,"Model I, L.P.",No fund #,first_filer,1,2026-04-03,0002102055,https://www.sec.gov/cgi-bin/browse-edgar?action=getcompany&CIK=0002102055&type=D
,IEQ Capital Access Fund - IEQ VC 2026,"IEQ Capital Access Fund - IEQ VC 2026, L.P.",No fund #,first_filer,1,2026-04-03,0002125771,https://www.sec.gov/cgi-bin/browse-edgar?action=getcompany&CIK=0002125771&type=D
,Harpoon Ventures 2026-1,"Harpoon Ventures 2026-1, LLC",No fund #,first_filer,1,2026-04-02,0002125794,https://www.sec.gov/cgi-bin/browse-edgar?action=getcompany&CIK=0002125794&type=D
,"Unpopular Ventures Preferred, LP - F2","Unpopular Ventures Preferred, LP - F2",No fund #,first_filer,1,2026-04-02,0002120313,https://www.sec.gov/cgi-bin/browse-edgar?action=getcompany&CIK=0002120313&type=D
,J2 Ventures Strategic Opportunities F,"J2 Ventures Strategic Opportunities F, L.P.",No fund #,first_filer,1,2026-04-02,0002125434,https://www.sec.gov/cgi-bin/browse-edgar?action=getcompany&CIK=0002125434&type=D
,Feld Ventures GP,Feld Ventures GP LLC,No fund #,first_filer,1,2026-04-02,0002123408,https://www.sec.gov/cgi-bin/browse-edgar?action=getcompany&CIK=0002123408&type=D
,"MF Ventures Fund, LP - A2","MF Ventures Fund, LP - A2",No fund #,first_filer,1,2026-04-02,0002122811,https://www.sec.gov/cgi-bin/browse-edgar?action=getcompany&CIK=0002122811&type=D
,"REFASHIOND Ventures Seed Fund, LP - E4","REFASHIOND Ventures Seed Fund, LP - E4",No fund #,first_filer,2,2026-04-02,0002119796,https://www.sec.gov/cgi-bin/browse-edgar?action=getcompany&CIK=0002119796&type=D
,Dunham VIP Ventures,"Dunham VIP Ventures, L.P.",No fund #,first_filer,1,2026-04-02,0002126280,https://www.sec.gov/cgi-bin/browse-edgar?action=getcompany&CIK=0002126280&type=D
,"Grant Park Ventures, LP - E4","Grant Park Ventures, LP - E4",No fund #,first_filer,1,2026-04-02,0002120600,https://www.sec.gov/cgi-bin/browse-edgar?action=getcompany&CIK=0002120600&type=D
,"Davidovs Venture Capital, LP - E3","Davidovs Venture Capital, LP - E3",No fund #,first_filer,1,2026-04-02,0002120316,https://www.sec.gov/cgi-bin/browse-edgar?action=getcompany&CIK=0002120316&type=D
,"Schox Venture Capital, LP - F4","Schox Venture Capital, LP - F4",No fund #,first_filer,1,2026-04-02,0002120139,https://www.sec.gov/cgi-bin/browse-edgar?action=getcompany&CIK=0002120139&type=D
,"Climate Venture Capital, LP - F2","Climate Venture Capital, LP - F2",No fund #,first_filer,1,2026-04-02,0002122810,https://www.sec.gov/cgi-bin/browse-edgar?action=getcompany&CIK=0002122810&type=D
,"American Ventures LLC, Series XLII Sponsor 1","American Ventures LLC, Series XLII Sponsor 1",No fund #,first_filer,1,2026-04-01,0002114496,https://www.sec.gov/cgi-bin/browse-edgar?action=getcompany&CIK=0002114496&type=D
,BOC Ventures XXIII,"BOC Ventures XXIII, LP",No fund #,first_filer,1,2026-04-01,0002123341,https://www.sec.gov/cgi-bin/browse-edgar?action=getcompany&CIK=0002123341&type=D
,"Mana Ventures, LP - F3","Mana Ventures, LP - F3",No fund #,first_filer,2,2026-04-01,0002120302,https://www.sec.gov/cgi-bin/browse-edgar?action=getcompany&CIK=0002120302&type=D
,BOC Ventures XXV,"BOC Ventures XXV, LP",No fund #,first_filer,1,2026-04-01,0002123764,https://www.sec.gov/cgi-bin/browse-edgar?action=getcompany&CIK=0002123764&type=D
,Stride Ventures UK Investments,Stride Ventures UK Investments L.P.,No fund #,first_filer,1,2026-04-01,0002126159,https://www.sec.gov/cgi-bin/browse-edgar?action=getcompany&CIK=0002126159&type=D
,NV Hark Labs Series A QP Partners,NV Hark Labs Series A QP Partners LLC,No fund #,first_filer,1,2026-04-01,0002119571,https://www.sec.gov/cgi-bin/browse-edgar?action=getcompany&CIK=0002119571&type=D
,VC AI 1,"VC AI 1, LP",No fund #,first_filer,1,2026-04-01,0002123757,https://www.sec.gov/cgi-bin/browse-edgar?action=getcompany&CIK=0002123757&type=D
,VC AI 2,"VC AI 2, LP",No fund #,first_filer,1,2026-04-01,0002126367,https://www.sec.gov/cgi-bin/browse-edgar?action=getcompany&CIK=0002126367&type=D
,"American Ventures LLC, Series XLI Kaz","American Ventures LLC, Series XLI Kaz",No fund #,first_filer,1,2026-03-31,0002111495,https://www.sec.gov/cgi-bin/browse-edgar?action=getcompany&CIK=0002111495&type=D
,"American Ventures LLC, Series XLVI DTCX","American Ventures LLC, Series XLVI DTCX",No fund #,first_filer,1,2026-03-31,0002119262,https://www.sec.gov/cgi-bin/browse-edgar?action=getcompany&CIK=0002119262&type=D
,Proximal Ventures,Proximal Ventures Fund I LP,Fund I,first_filer,1,2026-03-31,0002124991,https://www.sec.gov/cgi-bin/browse-edgar?action=getcompany&CIK=0002124991&type=D
,Legend Capital Ventures II,"Legend Capital Ventures II, LLC",No fund #,first_filer,1,2026-03-31,0002084210,https://www.sec.gov/cgi-bin/browse-edgar?action=getcompany&CIK=0002084210&type=D
,eGateway Capital II-13,"eGateway Capital II-13, LLC",No fund #,first_filer,1,2026-03-31,0002075008,https://www.sec.gov/cgi-bin/browse-edgar?action=getcompany&CIK=0002075008&type=D
,Interwoven Ventures S1,Interwoven Ventures S1 LP,No fund #,first_filer,1,2026-03-30,0002078125,https://www.sec.gov/cgi-bin/browse-edgar?action=getcompany&CIK=0002078125&type=D
,Azolla Ventures Full-Cycle,"Azolla Ventures Full-Cycle Fund II, LP",Fund II,first_filer,1,2026-03-30,0002117034,https://www.sec.gov/cgi-bin/browse-edgar?action=getcompany&CIK=0002117034&type=D
,Cultura Liquida Ventures,Cultura Liquida Ventures LLC,No fund #,first_filer,1,2026-03-30,0002125358,https://www.sec.gov/cgi-bin/browse-edgar?action=getcompany&CIK=0002125358&type=D
,Azolla Ventures Catalytic,"Azolla Ventures Catalytic Fund II, LP",Fund II,first_filer,1,2026-03-30,0002116903,https://www.sec.gov/cgi-bin/browse-edgar?action=getcompany&CIK=0002116903&type=D
,NewMont Ventures,"NewMont Ventures Fund I, LP",Fund I,first_filer,1,2026-03-30,0002111205,https://www.sec.gov/cgi-bin/browse-edgar?action=getcompany&CIK=0002111205&type=D
,AVSF - Sygaldry 2026,"AVSF - Sygaldry 2026, LLC",No fund #,first_filer,1,2026-03-30,0002119926,https://www.sec.gov/cgi-bin/browse-edgar?action=getcompany&CIK=0002119926&type=D
,AVSF - NodaAI 2026,"AVSF - NodaAI 2026, LLC",No fund #,first_filer,2,2026-03-30,0002118478,https://www.sec.gov/cgi-bin/browse-edgar?action=getcompany&CIK=0002118478&type=D
,AVSF - GatikAI 2026,"AVSF - GatikAI 2026, LLC",No fund #,first_filer,1,2026-03-30,0002118685,https://www.sec.gov/cgi-bin/browse-edgar?action=getcompany&CIK=0002118685&type=D
,Alpha Ascent Oxyopia,Alpha Ascent Oxyopia LLC,No fund #,first_filer,1,2026-03-30,0002104437,https://www.sec.gov/cgi-bin/browse-edgar?action=getcompany&CIK=0002104437&type=D
,Panga Capital Venture,"Panga Capital Venture Fund II, L.P.",Fund II,first_filer,1,2026-03-30,0002100600,https://www.sec.gov/cgi-bin/browse-edgar?action=getcompany&CIK=0002100600&type=D
,Conviction Partners Select I,"Conviction Partners Select I, L.P.",No fund #,first_filer,2,2026-03-30,0002121684,https://www.sec.gov/cgi-bin/browse-edgar?action=getcompany&CIK=0002121684&type=D
,Hannah Grey Ventures II,"Hannah Grey Ventures II, LP",No fund #,first_filer,1,2026-03-27,0002104935,https://www.sec.gov/cgi-bin/browse-edgar?action=getcompany&CIK=0002104935&type=D
,1EP Ventures I (Cayman),"1EP Ventures I (Cayman), L.P.",No fund #,first_filer,1,2026-03-27,0002124459,https://www.sec.gov/cgi-bin/browse-edgar?action=getcompany&CIK=0002124459&type=D
,Liquid 2 Ventures Fund Series-04,"Liquid 2 Ventures Fund Series-04, L.P.",No fund #,first_filer,1,2026-03-27,0002116175,https://www.sec.gov/cgi-bin/browse-edgar?action=getcompany&CIK=0002116175&type=D
,WILD TREE VENTURES,"WILD TREE VENTURES, L.P.",No fund #,first_filer,1,2026-03-27,0002124548,https://www.sec.gov/cgi-bin/browse-edgar?action=getcompany&CIK=0002124548&type=D
,aPriori 4 Ventures Ltd,aPriori 4 Ventures Ltd,No fund #,first_filer,1,2026-03-27,0002105084,https://www.sec.gov/cgi-bin/browse-edgar?action=getcompany&CIK=0002105084&type=D
,137 Holdings ISI,"137 Holdings ISI, LLC",No fund #,first_filer,1,2026-03-27,0002124556,https://www.sec.gov/cgi-bin/browse-edgar?action=getcompany&CIK=0002124556&type=D
,BH Venture Partners LLC - Series Jet Zero,BH Venture Partners LLC - Series Jet Zero,No fund #,first_filer,1,2026-03-27,0002124697,https://www.sec.gov/cgi-bin/browse-edgar?action=getcompany&CIK=0002124697&type=D
,Companyon Ventures,"Companyon Ventures Fund 2026, L.P.",No fund #,first_filer,1,2026-03-26,0002108544,https://www.sec.gov/cgi-bin/browse-edgar?action=getcompany&CIK=0002108544&type=D
,Alpine Space Ventures,"Alpine Space Ventures Fund II Feeder, L.P.",Fund II,first_filer,1,2026-03-26,0002114800,https://www.sec.gov/cgi-bin/browse-edgar?action=getcompany&CIK=0002114800&type=D
,Batch Ventures YC 2026,"Batch Ventures YC 2026, LP",No fund #,first_filer,1,2026-03-26,0002124278,https://www.sec.gov/cgi-bin/browse-edgar?action=getcompany&CIK=0002124278&type=D
,Run Ventures II CIV-B,"Run Ventures II CIV-B, L.P.",No fund #,first_filer,1,2026-03-26,0002085114,https://www.sec.gov/cgi-bin/browse-edgar?action=getcompany&CIK=0002085114&type=D
,SHIFT Protocol Mikami Ventures Ltd,SHIFT Protocol Mikami Ventures Ltd,No fund #,first_filer,1,2026-03-26,0002121014,https://www.sec.gov/cgi-bin/browse-edgar?action=getcompany&CIK=0002121014&type=D
,Inflection Ventures CHAOS,Inflection Ventures CHAOS Fund I LLC,Fund I,first_filer,1,2026-03-26,0002123173,https://www.sec.gov/cgi-bin/browse-edgar?action=getcompany&CIK=0002123173&type=D
,Vast Red Beard Ventures Ltd,Vast Red Beard Ventures Ltd,No fund #,first_filer,1,2026-03-26,0002121016,https://www.sec.gov/cgi-bin/browse-edgar?action=getcompany&CIK=0002121016&type=D
,CapStack Ventures Fund,CapStack Ventures Fund LLC,No fund #,first_filer,1,2026-03-26,0002124373,https://www.sec.gov/cgi-bin/browse-edgar?action=getcompany&CIK=0002124373&type=D
,GOAT Farm Enterprises,GOAT Farm Enterprises LLC,No fund #,first_filer,1,2026-03-26,0002123726,https://www.sec.gov/cgi-bin/browse-edgar?action=getcompany&CIK=0002123726&type=D
,BC Project P 2026,"BC Project P 2026, LP",No fund #,first_filer,1,2026-03-26,0002123742,https://www.sec.gov/cgi-bin/browse-edgar?action=getcompany&CIK=0002123742&type=D
,Alpha Excel Associates LLC - Series I,Alpha Excel Associates LLC - Series I,No fund #,first_filer,1,2026-03-26,0002124461,https://www.sec.gov/cgi-bin/browse-edgar?action=getcompany&CIK=0002124461&type=D
,WCM Partners Bluebird Parallel,"WCM Partners Bluebird Parallel, LP",No fund #,first_filer,1,2026-03-26,0002124705,https://www.sec.gov/cgi-bin/browse-edgar?action=getcompany&CIK=0002124705&type=D
,Veriten Venture,Veriten Venture Fund II LP,Fund II,first_filer,1,2026-03-26,0002114871,https://www.sec.gov/cgi-bin/browse-edgar?action=getcompany&CIK=0002114871&type=D
,Conviction Partners Expansion II,"Conviction Partners Expansion II, L.P.",No fund #,first_filer,1,2026-03-25,0002121685,https://www.sec.gov/cgi-bin/browse-edgar?action=getcompany&CIK=0002121685&type=D
,GEX Ventures,"GEX Ventures Fund II-A, LP",Fund II,first_filer,1,2026-03-24,0002122243,https://www.sec.gov/cgi-bin/browse-edgar?action=getcompany&CIK=0002122243&type=D
,BCF-Tensormesh,BCF-Tensormesh LLC,No fund #,first_filer,1,2026-03-24,0002123758,https://www.sec.gov/cgi-bin/browse-edgar?action=getcompany&CIK=0002123758&type=D
,QBIT Ventures,QBIT Ventures Fund II LP,Fund II,first_filer,1,2026-03-23,0002085273,https://www.sec.gov/cgi-bin/browse-edgar?action=getcompany&CIK=0002085273&type=D
,AVSF - TC Lab 2026,"AVSF - TC Lab 2026, LLC",No fund #,first_filer,1,2026-03-23,0002115998,https://www.sec.gov/cgi-bin/browse-edgar?action=getcompany&CIK=0002115998&type=D
,AVSF - Scout 2026,"AVSF - Scout 2026, LLC",No fund #,first_filer,1,2026-03-23,0002118881,https://www.sec.gov/cgi-bin/browse-edgar?action=getcompany&CIK=0002118881&type=D
,AVSF - Zenskar 2026,"AVSF - Zenskar 2026, LLC",No fund #,first_filer,1,2026-03-23,0002118428,https://www.sec.gov/cgi-bin/browse-edgar?action=getcompany&CIK=0002118428&type=D
,Nearingpoint Venture Partners,Nearingpoint Venture Partners Inc.,No fund #,first_filer,1,2026-03-23,0002103907,https://www.sec.gov/cgi-bin/browse-edgar?action=getcompany&CIK=0002103907&type=D
,Soma Capital Opportunity,"Soma Capital Opportunity Fund II, LP",Fund II,first_filer,1,2026-03-23,0002097620,https://www.sec.gov/cgi-bin/browse-edgar?action=getcompany&CIK=0002097620&type=D
,Tale Venture Partners,"Tale Venture Partners Fund II, LP",Fund II,first_filer,2,2026-03-20,0002112821,https://www.sec.gov/cgi-bin/browse-edgar?action=getcompany&CIK=0002112821&type=D
,StepStone VC 2026-KA,StepStone VC 2026-KA LP,No fund #,first_filer,1,2026-03-20,0002107395,https://www.sec.gov/cgi-bin/browse-edgar?action=getcompany&CIK=0002107395&type=D
,Oncology Ventures,Oncology Ventures Fund II LP,Fund II,first_filer,1,2026-03-19,0002111766,https://www.sec.gov/cgi-bin/browse-edgar?action=getcompany&CIK=0002111766&type=D
,Oncology Ventures,Oncology Ventures Fund II-A LP,Fund II,first_filer,1,2026-03-19,0002111779,https://www.sec.gov/cgi-bin/browse-edgar?action=getcompany&CIK=0002111779&type=D
,AUGUREY VENTURES QP FUND,"AUGUREY VENTURES QP FUND, LLC",No fund #,first_filer,1,2026-03-19,0002117563,https://www.sec.gov/cgi-bin/browse-edgar?action=getcompany&CIK=0002117563&type=D
,Primordial Ventures,"Primordial Ventures Fund I, LP",Fund I,first_filer,1,2026-03-19,0002107642,https://www.sec.gov/cgi-bin/browse-edgar?action=getcompany&CIK=0002107642&type=D
,Socratic Eridu Holdings,Socratic Eridu Holdings LLC,No fund #,first_filer,1,2026-03-19,0002115299,https://www.sec.gov/cgi-bin/browse-edgar?action=getcompany&CIK=0002115299&type=D
,Bow River Venture Evergreen Fund,"Bow River Venture Evergreen Fund, LP",No fund #,first_filer,1,2026-03-19,0002118876,https://www.sec.gov/cgi-bin/browse-edgar?action=getcompany&CIK=0002118876&type=D
,WAGMI 190 - WAGMI Master,WAGMI 190 - WAGMI Master LLC,No fund #,first_filer,1,2026-03-18,0002121687,https://www.sec.gov/cgi-bin/browse-edgar?action=getcompany&CIK=0002121687&type=D
,Armra Capital Partners Bridge,"Armra Capital Partners Bridge, LP",No fund #,first_filer,1,2026-03-18,0002120368,https://www.sec.gov/cgi-bin/browse-edgar?action=getcompany&CIK=0002120368&type=D
,TVC XL - The Venture Collective Holdings,TVC XL - The Venture Collective Holdings LLC,No fund #,first_filer,1,2026-03-18,0002116577,https://www.sec.gov/cgi-bin/browse-edgar?action=getcompany&CIK=0002116577&type=D
,Kearney Ventures Cayman Feeder II,Kearney Ventures Cayman Feeder II L.P.,No fund #,first_filer,2,2026-03-16,0002078432,https://www.sec.gov/cgi-bin/browse-edgar?action=getcompany&CIK=0002078432&type=D
,Kearney Ventures II,Kearney Ventures II L.P.,No fund #,first_filer,2,2026-03-16,0002078431,https://www.sec.gov/cgi-bin/browse-edgar?action=getcompany&CIK=0002078431&type=D
,AVSF - Zus Health 2026,"AVSF - Zus Health 2026, LLC",No fund #,first_filer,1,2026-03-16,0002110371,https://www.sec.gov/cgi-bin/browse-edgar?action=getcompany&CIK=0002110371&type=D
,AVSF - Atom Computing 2026,"AVSF - Atom Computing 2026, LLC",No fund #,first_filer,1,2026-03-16,0002110373,https://www.sec.gov/cgi-bin/browse-edgar?action=getcompany&CIK=0002110373&type=D
,HLV Disruptive AI,HLV Disruptive AI Fund II LLC,Fund II,first_filer,1,2026-03-16,0002108498,https://www.sec.gov/cgi-bin/browse-edgar?action=getcompany&CIK=0002108498&type=D
,Project Ventures US Feeder,Project Ventures US Feeder LP,No fund #,first_filer,1,2026-03-13,0002109327,https://www.sec.gov/cgi-bin/browse-edgar?action=getcompany&CIK=0002109327&type=D
,Interwoven Ventures S2,Interwoven Ventures S2 LLC,No fund #,first_filer,1,2026-03-13,0002118856,https://www.sec.gov/cgi-bin/browse-edgar?action=getcompany&CIK=0002118856&type=D
,HOPE Ventures II,"HOPE Ventures II, LLC",No fund #,first_filer,1,2026-03-13,0002111277,https://www.sec.gov/cgi-bin/browse-edgar?action=getcompany&CIK=0002111277&type=D
,Liquid 2 Ventures Fund Series-05,"Liquid 2 Ventures Fund Series-05, L.P.",No fund #,first_filer,1,2026-03-13,0002116964,https://www.sec.gov/cgi-bin/browse-edgar?action=getcompany&CIK=0002116964&type=D
,49 Palms Ventures,"49 Palms Ventures Fund 1, LP",Fund I,first_filer,2,2026-03-13,0002086463,https://www.sec.gov/cgi-bin/browse-edgar?action=getcompany&CIK=0002086463&type=D
,AV Foundation Fund June 2026,"AV Foundation Fund June 2026, LLC",No fund #,first_filer,1,2026-03-13,0002109747,https://www.sec.gov/cgi-bin/browse-edgar?action=getcompany&CIK=0002109747&type=D
,Shakti Venture Capital Gatik,"Shakti Venture Capital Gatik, LLC",No fund #,first_filer,1,2026-03-13,0002118861,https://www.sec.gov/cgi-bin/browse-edgar?action=getcompany&CIK=0002118861&type=D
,JM Equity Venture LLC - Ripple Equity Partners,JM Equity Venture LLC - Ripple Equity Partners LLC,No fund #,first_filer,1,2026-03-13,0002109191,https://www.sec.gov/cgi-bin/browse-edgar?action=getcompany&CIK=0002109191&type=D
,JM Equity Venture LLC - Ripple PE 2,JM Equity Venture LLC - Ripple PE 2 LLC,No fund #,first_filer,1,2026-03-13,0002109128,https://www.sec.gov/cgi-bin/browse-edgar?action=getcompany&CIK=0002109128&type=D
,JM Equity Venture - Ripple 11,JM Equity Venture - Ripple 11 LLC,No fund #,first_filer,1,2026-03-13,0002109111,https://www.sec.gov/cgi-bin/browse-edgar?action=getcompany&CIK=0002109111&type=D
,JM Equity Venture LLC - Ripple PE 8,JM Equity Venture LLC - Ripple PE 8,No fund #,first_filer,1,2026-03-13,0002109127,https://www.sec.gov/cgi-bin/browse-edgar?action=getcompany&CIK=0002109127&type=D
,JM Equity Venture LLC - Ripple PE 3,JM Equity Venture LLC - Ripple PE 3 LLC,No fund #,first_filer,1,2026-03-13,0002109119,https://www.sec.gov/cgi-bin/browse-edgar?action=getcompany&CIK=0002109119&type=D
,922 Ventures Proaxis I,922 Ventures Proaxis I LP,No fund #,first_filer,1,2026-03-12,0002116539,https://www.sec.gov/cgi-bin/browse-edgar?action=getcompany&CIK=0002116539&type=D
,Corsair Venture Partners,"Corsair Venture Partners Fund I, L.P.",Fund I,first_filer,1,2026-03-12,0002115717,https://www.sec.gov/cgi-bin/browse-edgar?action=getcompany&CIK=0002115717&type=D
,March EXP I,March EXP I LP,No fund #,first_filer,1,2026-03-12,0002116552,https://www.sec.gov/cgi-bin/browse-edgar?action=getcompany&CIK=0002116552&type=D
,NOBLQ Ventures,NOBLQ Ventures Fund I LP,Fund I,first_filer,1,2026-03-11,0002105102,https://www.sec.gov/cgi-bin/browse-edgar?action=getcompany&CIK=0002105102&type=D
,SaaS Ventures Israel,SaaS Ventures Israel LP,No fund #,first_filer,1,2026-03-11,0002118515,https://www.sec.gov/cgi-bin/browse-edgar?action=getcompany&CIK=0002118515&type=D
,Atrum Ventures 6,"Atrum Ventures 6, LP",No fund #,first_filer,1,2026-03-11,0002118694,https://www.sec.gov/cgi-bin/browse-edgar?action=getcompany&CIK=0002118694&type=D
,Atrum Ventures 8,Atrum Ventures 8 LLC,No fund #,first_filer,1,2026-03-11,0002118695,https://www.sec.gov/cgi-bin/browse-edgar?action=getcompany&CIK=0002118695&type=D
,K5 Tech,"K5 Tech Fund I, LP - Ventures III-B",Fund I,first_filer,1,2026-03-11,0002111829,https://www.sec.gov/cgi-bin/browse-edgar?action=getcompany&CIK=0002111829&type=D
,Breakout Ventures III-B,"Breakout Ventures III-B, L.P.",No fund #,first_filer,1,2026-03-10,0002072265,https://www.sec.gov/cgi-bin/browse-edgar?action=getcompany&CIK=0002072265&type=D
,Carnrite Ventures Opportunity,"Carnrite Ventures Opportunity Fund I, L.P.",Fund I,first_filer,1,2026-03-10,0002092870,https://www.sec.gov/cgi-bin/browse-edgar?action=getcompany&CIK=0002092870&type=D
,"MF Ventures Fund, LP - A1","MF Ventures Fund, LP - A1",No fund #,first_filer,1,2026-03-10,0002110704,https://www.sec.gov/cgi-bin/browse-edgar?action=getcompany&CIK=0002110704&type=D
,Heartland Ventures S12,Heartland Ventures S12 LLC,No fund #,first_filer,1,2026-03-09,0002080940,https://www.sec.gov/cgi-bin/browse-edgar?action=getcompany&CIK=0002080940&type=D
,Heartland Ventures S6,Heartland Ventures S6 LLC,No fund #,first_filer,1,2026-03-09,0002080942,https://www.sec.gov/cgi-bin/browse-edgar?action=getcompany&CIK=0002080942&type=D
,Heartland Ventures S7,Heartland Ventures S7 LLC,No fund #,first_filer,1,2026-03-09,0002080941,https://www.sec.gov/cgi-bin/browse-edgar?action=getcompany&CIK=0002080941&type=D
,"American Ventures LLC, Series XXIV XWELL","American Ventures LLC, Series XXIV XWELL",No fund #,first_filer,2,2026-03-09,0002112711,https://www.sec.gov/cgi-bin/browse-edgar?action=getcompany&CIK=0002112711&type=D
,Switch Ventures Growth IV-A,"Switch Ventures Growth IV-A, LP",No fund #,first_filer,1,2026-03-09,0002117649,https://www.sec.gov/cgi-bin/browse-edgar?action=getcompany&CIK=0002117649&type=D
,Bay Park Ventures,Bay Park Ventures LLC,No fund #,first_filer,1,2026-03-09,0002094275,https://www.sec.gov/cgi-bin/browse-edgar?action=getcompany&CIK=0002094275&type=D
,Virtue Expansion,Virtue Expansion Fund I LP,Fund I,first_filer,1,2026-03-09,0002113494,https://www.sec.gov/cgi-bin/browse-edgar?action=getcompany&CIK=0002113494&type=D
,Fifth Era AI Access,"Fifth Era AI Access Fund I, LP",Fund I,first_filer,1,2026-03-09,0002115987,https://www.sec.gov/cgi-bin/browse-edgar?action=getcompany&CIK=0002115987&type=D
,Fontinalis Special Opportunity Fund VF,"Fontinalis Special Opportunity Fund VF, L.P.",No fund #,first_filer,1,2026-03-09,0002106355,https://www.sec.gov/cgi-bin/browse-edgar?action=getcompany&CIK=0002106355&type=D
,AXV II,"AXV II, LP",No fund #,first_filer,1,2026-03-09,0002114666,https://www.sec.gov/cgi-bin/browse-edgar?action=getcompany&CIK=0002114666&type=D
,AVSF - Deepgram 2026,"AVSF - Deepgram 2026, LLC",No fund #,first_filer,1,2026-03-06,0002110372,https://www.sec.gov/cgi-bin/browse-edgar?action=getcompany&CIK=0002110372&type=D
,Predictive Venture Partners,"Predictive Venture Partners Fund II, LP",Fund II,first_filer,1,2026-03-06,0002103009,https://www.sec.gov/cgi-bin/browse-edgar?action=getcompany&CIK=0002103009&type=D
,Timeless Partners Ventures II,"Timeless Partners Ventures II, LP",No fund #,first_filer,1,2026-03-05,0002112529,https://www.sec.gov/cgi-bin/browse-edgar?action=getcompany&CIK=0002112529&type=D
,Virta Ventures II,"Virta Ventures II, LP",No fund #,first_filer,1,2026-03-05,0002116547,https://www.sec.gov/cgi-bin/browse-edgar?action=getcompany&CIK=0002116547&type=D
,Singular Ventures III,Singular Ventures III,No fund #,first_filer,1,2026-03-05,0002114536,https://www.sec.gov/cgi-bin/browse-edgar?action=getcompany&CIK=0002114536&type=D
,Lightspeed Faction,"Lightspeed Faction Fund II, LP",Fund II,first_filer,1,2026-03-05,0002098001,https://www.sec.gov/cgi-bin/browse-edgar?action=getcompany&CIK=0002098001&type=D
,Lightspeed Faction Principals,"Lightspeed Faction Principals Fund II, LP",Fund II,first_filer,1,2026-03-05,0002098089,https://www.sec.gov/cgi-bin/browse-edgar?action=getcompany&CIK=0002098089&type=D
,Lightspeed Faction,"Lightspeed Faction Fund II US Feeder, LP",Fund II,first_filer,1,2026-03-05,0002098009,https://www.sec.gov/cgi-bin/browse-edgar?action=getcompany&CIK=0002098009&type=D
,Birthmark Ventures,"Birthmark Ventures Fund I, LP",Fund I,first_filer,1,2026-03-04,0002113087,https://www.sec.gov/cgi-bin/browse-edgar?action=getcompany&CIK=0002113087&type=D
,Daybreak Ventures,Daybreak Ventures Fund 2-A LP,Fund II,first_filer,1,2026-03-04,0002115656,https://www.sec.gov/cgi-bin/browse-edgar?action=getcompany&CIK=0002115656&type=D
,Daybreak Ventures,Daybreak Ventures Fund 2 LP,Fund II,first_filer,1,2026-03-04,0002115619,https://www.sec.gov/cgi-bin/browse-edgar?action=getcompany&CIK=0002115619&type=D
,Atlas Equity Ventures,Atlas Equity Ventures LLC,No fund #,first_filer,1,2026-03-04,0002112653,https://www.sec.gov/cgi-bin/browse-edgar?action=getcompany&CIK=0002112653&type=D
,Northcenter Ventures,Northcenter Ventures LLC,No fund #,first_filer,1,2026-03-04,0002114592,https://www.sec.gov/cgi-bin/browse-edgar?action=getcompany&CIK=0002114592&type=D
,Daybreak Meridian 1,Daybreak Meridian 1 LP,No fund #,first_filer,1,2026-03-04,0002115601,https://www.sec.gov/cgi-bin/browse-edgar?action=getcompany&CIK=0002115601&type=D
,941 W Hamilton St,"941 W Hamilton St, LLC",No fund #,first_filer,1,2026-03-04,0002111979,https://www.sec.gov/cgi-bin/browse-edgar?action=getcompany&CIK=0002111979&type=D
,NV SandboxAQ Series F Partners,NV SandboxAQ Series F Partners LLC,No fund #,first_filer,1,2026-03-04,0002108663,https://www.sec.gov/cgi-bin/browse-edgar?action=getcompany&CIK=0002108663&type=D
,LAB Red Beard Ventures Ltd,LAB Red Beard Ventures Ltd,No fund #,first_filer,1,2026-03-03,0002105207,https://www.sec.gov/cgi-bin/browse-edgar?action=getcompany&CIK=0002105207&type=D
,Beamable Red Beard Ventures Ltd,Beamable Red Beard Ventures Ltd,No fund #,first_filer,1,2026-03-03,0002105183,https://www.sec.gov/cgi-bin/browse-edgar?action=getcompany&CIK=0002105183&type=D
,"Boardman Bay Ventures, LP - Series Q","Boardman Bay Ventures, LP - Series Q",No fund #,first_filer,2,2026-03-03,0002104609,https://www.sec.gov/cgi-bin/browse-edgar?action=getcompany&CIK=0002104609&type=D
,Helios DGMX Partners,"Helios DGMX Partners, LLC",No fund #,first_filer,1,2026-03-03,0002115534,https://www.sec.gov/cgi-bin/browse-edgar?action=getcompany&CIK=0002115534&type=D
,Moontower VC,"Moontower VC Fund I, LP",Fund I,first_filer,1,2026-03-03,0002113200,https://www.sec.gov/cgi-bin/browse-edgar?action=getcompany&CIK=0002113200&type=D
,Selkirk Copper Mines,Selkirk Copper Mines Inc.,No fund #,new_filer,4,2026-05-14,0002032320,https://www.sec.gov/cgi-bin/browse-edgar?action=getcompany&CIK=0002032320&type=D
,Balerion Space Ventures,"Balerion Space Ventures Fund II (Onshore Parallel), L.P.",Fund II,new_filer,5,2026-03-19,0002049165,https://www.sec.gov/cgi-bin/browse-edgar?action=getcompany&CIK=0002049165&type=D
,Balerion Space Ventures,"Balerion Space Ventures Fund II, L.P.",Fund II,new_filer,5,2026-03-19,0002049512,https://www.sec.gov/cgi-bin/browse-edgar?action=getcompany&CIK=0002049512&type=D
,Pardus Ventures,Pardus Ventures Inc.,No fund #,new_filer,3,2026-03-17,0002118786,https://www.sec.gov/cgi-bin/browse-edgar?action=getcompany&CIK=0002118786&type=D
,AVSF - Orion Security 2026,"AVSF - Orion Security 2026, LLC",No fund #,new_filer,3,2026-03-09,0002110374,https://www.sec.gov/cgi-bin/browse-edgar?action=getcompany&CIK=0002110374&type=D
,Mav Automation Ventures,Mav Automation Ventures Inc.,No fund #,new_filer,3,2026-03-06,0002074193,https://www.sec.gov/cgi-bin/browse-edgar?action=getcompany&CIK=0002074193&type=D
,Saga Ventures Epona,"Saga Ventures Epona, LP",No fund #,unknown,0,2026-04-13,0002128228,https://www.sec.gov/cgi-bin/browse-edgar?action=getcompany&CIK=0002128228&type=D
,Mirae Asset Gaia,"Mirae Asset Gaia Fund II, LP",Fund II,unknown,0,2026-03-17,0002119924,https://www.sec.gov/cgi-bin/browse-edgar?action=getcompany&CIK=0002119924&type=D
,SVCV Group,SVCV Group Inc,No fund #,established,8,2026-05-20,0002113098,https://www.sec.gov/cgi-bin/browse-edgar?action=getcompany&CIK=0002113098&type=D
,Toro Silver Corp.,Toro Silver Corp.,No fund #,established,6,2026-04-16,0002080708,https://www.sec.gov/cgi-bin/browse-edgar?action=getcompany&CIK=0002080708&type=D
,U.S. Boston Growth Capital QSBS Fund,"U.S. Boston Growth Capital QSBS Fund, LP",No fund #,established,8,2026-04-02,0002037893,https://www.sec.gov/cgi-bin/browse-edgar?action=getcompany&CIK=0002037893&type=D
